<root>
	<object name="13mm Screw">
        <type>Type10</type>

        <position>
            <x_pos>0.774271346839804</x_pos>
            <y_pos>0.4149851350604493</y_pos>
            <z_pos>0.09272016422888248</z_pos>
        </position>

	<orientation>
			<x_orient>0.7036701937019578</x_orient>
			<y_orient>0.70910765949065</y_orient>
			<z_orient>-0.028881811666858485</z_orient>
			<w_orient>-0.03435733840072594</w_orient>
		</orientation>
	</object>

	<object name="16mm Screw">
        <type>Type9</type>

        <position>
            <x_pos>0.774271346839804</x_pos>
            <y_pos>0.4149851350604493</y_pos>
            <z_pos>0.09272016422888248</z_pos>
        </position>

	<orientation>
			<x_orient>0.7036701937019578</x_orient>
			<y_orient>0.70910765949065</y_orient>
			<z_orient>-0.028881811666858485</z_orient>
			<w_orient>-0.03435733840072594</w_orient>
		</orientation>
	</object>

	<object name="17mm Screw">
        <type>Type8</type>

        <position>
            <x_pos>0.774271346839804</x_pos>
            <y_pos>0.4149851350604493</y_pos>
            <z_pos>0.09272016422888248</z_pos>
        </position>

	<orientation>
			<x_orient>0.7036701937019578</x_orient>
			<y_orient>0.70910765949065</y_orient>
			<z_orient>-0.028881811666858485</z_orient>
			<w_orient>-0.03435733840072594</w_orient>
		</orientation>
	</object>
	

	<object name="Orange Block">
		<type>Type7</type>

		<position>
			<x_pos>0.7519686121884195</x_pos>
	        <y_pos>-0.3017746579997936</y_pos>
            <z_pos>0.082403012433622</z_pos>
		</position>

		<orientation>
			<x_orient>0.7075097486449031</x_orient>
			<y_orient>0.7066922454878554</y_orient>
			<z_orient>-0.0030913164974091362</z_orient>
			<w_orient>-0.0025435215886281475</w_orient>
		</orientation>
</object>

<object name="Blue Block">
		<type>Type6</type>

		<position>
			<x_pos>0.7519686121884195</x_pos>
	        <y_pos>-0.3017746579997936</y_pos>
            <z_pos>0.082403012433622</z_pos>
		</position>

		<orientation>
			<x_orient>0.7075097486449031</x_orient>
			<y_orient>0.7066922454878554</y_orient>
			<z_orient>-0.0030913164974091362</z_orient>
			<w_orient>-0.0025435215886281475</w_orient>
		</orientation>
</object>

<object name="Red Block">
		<type>Type5</type>

		<position>
			<x_pos>0.7519686121884195</x_pos>
	        <y_pos>-0.3017746579997936</y_pos>
            <z_pos>0.082403012433622</z_pos>
		</position>

		<orientation>
			<x_orient>0.7075097486449031</x_orient>
			<y_orient>0.7066922454878554</y_orient>
			<z_orient>-0.0030913164974091362</z_orient>
			<w_orient>-0.0025435215886281475</w_orient>
		</orientation>
</object>

<object name="Hammer">
		<type>Type4</type>

		<position>
			<x_pos>0.7519686121884195</x_pos>
	        <y_pos>-0.3017746579997936</y_pos>
            <z_pos>0.082403012433622</z_pos>
		</position>

		<orientation>
			<x_orient>0.7075097486449031</x_orient>
			<y_orient>0.7066922454878554</y_orient>
			<z_orient>-0.0030913164974091362</z_orient>
			<w_orient>-0.0025435215886281475</w_orient>
		</orientation>
</object>

<object name="Box End Wrench">
		<type>Type3</type>

		<position>
			<x_pos>0.7519686121884195</x_pos>
	        <y_pos>-0.3017746579997936</y_pos>
            <z_pos>0.082403012433622</z_pos>
		</position>

		<orientation>
			<x_orient>0.7075097486449031</x_orient>
			<y_orient>0.7066922454878554</y_orient>
			<z_orient>-0.0030913164974091362</z_orient>
			<w_orient>-0.0025435215886281475</w_orient>
		</orientation>
</object>

<object name="Line Wrench">
		<type>Tools</type>

		<position>
			<x_pos>0.7519686121884195</x_pos>
	        <y_pos>-0.3017746579997936</y_pos>
            <z_pos>0.082403012433622</z_pos>
		</position>

		<orientation>
			<x_orient>0.7075097486449031</x_orient>
			<y_orient>0.7066922454878554</y_orient>
			<z_orient>-0.0030913164974091362</z_orient>
			<w_orient>-0.0025435215886281475</w_orient>
		</orientation>
</object>

<object name="New object">
	<type>Type1</type>
	<position>
		<x_pos>0.500467043654</x_pos>
		<y_pos>0.149892445678</y_pos>
		<z_pos>0.0582828565886</z_pos>
	</position>
	<orientation>
		<x_orient>0.736651771323</x_orient>
		<y_orient>0.675641970001</y_orient>
		<z_orient>0.0285527228128</z_orient>
		<w_orient>0.00606944803245</w_orient>
	</orientation>
</object><object name="new thingy">
	<type>Type2</type>
	<position>
		<x_pos>0.449652638044</x_pos>
		<y_pos>0.160300855831</y_pos>
		<z_pos>0.0800905384807</z_pos>
	</position>
	<orientation>
		<x_orient>0.64217128066</x_orient>
		<y_orient>0.766561112151</y_orient>
		<z_orient>0.000208656347967</z_orient>
		<w_orient>0.000253170610443</w_orient>
	</orientation>
</object>
<object name="new">
	<type>Something</type>
	<position>
		<x_pos>0.449652638044</x_pos>
		<y_pos>0.160300855831</y_pos>
		<z_pos>0.0800905384807</z_pos>
	</position>
	<orientation>
		<x_orient>0.64217128066</x_orient>
		<y_orient>0.766561112151</y_orient>
		<z_orient>0.000208656347967</z_orient>
		<w_orient>0.000253170610443</w_orient>
	</orientation>
</object></root>